nama_produk,harga_produk,penjual,kota_toko,banyaknya_terjual,rating_produk
Gelifood Seblak Instan Kerupuk Mawar Bumbu Kencur Rafael Pedas Gurih,Rp13.000,Lidigeli,Kab. Garut,250+ terjual,4.8
Seblak Instan Ceu Nthien Khas Bandung Rasana Ngeunah Pisan,Rp17.000,Central Seblak Nusantara,Tangerang Selatan,2rb+ terjual,4.9
"Seblak Rafael, Seblak Coet Instan Halal",Rp25.000,Brother Meat Shop,Depok,100+ terjual,4.9
"Kylafood Seblak Cup Instan, Halal",Rp11.500,Brother Meat Shop,Depok,60+ terjual,5.0
KERUPUK SEBLAK MENTAH ANEKA WARNA,Rp11.500,jajanangarut19,Jakarta Selatan,250+ terjual,4.9
SEBLAK INSTANT TERMURAH,Rp3.999,Pusat Cuankie & Cemilan Frozen,Jakarta Timur,10rb+ terjual,4.8
"Seblak Rafael, Seblak Coet Instan Halal",Rp25.000,Brother Meat Shop,Depok,100+ terjual,4.9
Seblak Instan Pedas Home Made,Rp3.500,the Dhecip,Tangerang Selatan,2rb+ terjual,4.8
Seblak pedas kerupuk pedas kiloan 1 kg,Rp35.000,RIKI STORE 97,Kab. Bogor,100+ terjual,4.8
seblak instant sajodo snak,Rp19.000,hikmah berkah jaya,Jakarta Barat,750+ terjual,4.8
SEBLAK INSTANT TERMURAH,Rp3.999,Pusat Cuankie & Cemilan Frozen,Jakarta Timur,10rb+ terjual,4.8
"Seblak Rafael, Seblak Coet Instan Halal",Rp25.000,Brother Meat Shop,Depok,100+ terjual,4.9
Seblak Instan Pedas Home Made,Rp3.500,the Dhecip,Tangerang Selatan,2rb+ terjual,4.8
seblak instant sajodo snak,Rp19.000,hikmah berkah jaya,Jakarta Barat,750+ terjual,4.8
Seblak instan yoi enak dan kenyang,Rp7.500,SeblakYoi,Bekasi,250+ terjual,5.0
KERUPUK SEBLAK PEDAS / KRUPUK SEBLAK KERING DAUN JERUK PEDES,Rp25.000,LEGIT SNACK,Jakarta Barat,30+ terjual,5.0
"siomay kering bandung 500 gr. untuk baso aci, seblak ,mie ayam dll",Rp14.999,aghniya,Tangerang Selatan,750+ terjual,4.9
Kerupuk Seblak / Seblak / Kering Pedas /,Rp10.000,Anggris store,Kab. Bogor,50+ terjual,4.8
SEBRING KRUPUK KERUPUK SEBLAK KERING PEDAS DAUN JERUK 1KG CABE ASLI,Rp16.000,Aydaa Snack,Surakarta,70+ terjual,4.9
Makanan Kering Kerupuk Seblak Pedas 100 gram,Rp5.000,BLIBET,Jakarta Barat,8 terjual,5.0
SAMBAL SEBLAK BY MAMANG RAFAEL ORIGINAL HALAL VIRAALLL,Rp39.900,Beauty DELUXE,Jakarta Barat,9 terjual,5.0
"Seblak Rafael, Seblak Coet Instan Halal",Rp25.000,Brother Meat Shop,Depok,100+ terjual,4.9
Kerupuk Seblak Rafael Mawar Kecil Mentah 500 Gr / Seblak Viral YONGKI,Rp12.000,insanprimastore,Tangerang Selatan,17 terjual,5.0
Kerupuk SEBLAK MAWAR Rafael - Cikruh Daun Jeruk,Rp20.000,KRIUK JAYA,Jakarta Barat,30+ terjual,4.9
Seblak RAFAEL | Seblak MAMANG RAFAEL | Seblak Viral ORIGINAL TATANGGA,Rp40.000,Beauty DELUXE,Jakarta Barat,16 terjual,5.0
SEBLAK INSTANT TERMURAH,Rp3.999,Pusat Cuankie & Cemilan Frozen,Jakarta Timur,10rb+ terjual,4.8
"Seblak Rafael, Seblak Coet Instan Halal",Rp25.000,Brother Meat Shop,Depok,100+ terjual,4.9
Seblak Instan Pedas Home Made,Rp3.500,the Dhecip,Tangerang Selatan,2rb+ terjual,4.8
seblak instant sajodo snak,Rp19.000,hikmah berkah jaya,Jakarta Barat,750+ terjual,4.8
Seblak instan yoi enak dan kenyang,Rp7.500,SeblakYoi,Bekasi,250+ terjual,5.0
Seblak Instan Pedas Home Made,Rp3.500,the Dhecip,Tangerang Selatan,2rb+ terjual,4.8
Gelifood Seblak Instan Kerupuk Mawar Bumbu Kencur Rafael Pedas Gurih,Rp13.000,Lidigeli,Kab. Garut,250+ terjual,4.8
"keripik beling/kaca 1/2 kg. bumbu seblak daun jeruk enak, gurih, pedas",Rp25.999,aghniya,Tangerang Selatan,250+ terjual,4.9
Seblak pedas kerupuk pedas kiloan 1 kg,Rp35.000,RIKI STORE 97,Kab. Bogor,100+ terjual,4.8
Seblak Instan Komplit Pedas Gurih Nikmat,Rp5.999,Baso Aci Ayang,Kab. Garut,2rb+ terjual,4.9
seblak kencur / okesnack,Rp10.000,oke snack,Jakarta Selatan,750+ terjual,4.9
MASJAY Seblak Bumbu Membara Instant - No.1 Street Food Bandung,Rp15.000,Lidigeli,Kab. Garut,100+ terjual,4.9
kerupuk ikan mentah putih seblak gurih renyah garing 1000gr - M,Rp26.500,Radja Herbal Indonesia,Kab. Bekasi,17 terjual,5.0
Kerupuk Seblak Vegetarian Snack Vegan,Rp14.500,veggieku store,Jakarta Barat,7 terjual,4.8
kerupuk seblak pedas 1/2 kg / kerupuk seblak Â½ - Pedas,Rp20.482,Adila_Putri_Snack,Kab.Ciamis,100+ terjual,4.8
Gelifood Combo 3pcs Seblak Instan Kerupuk Mawar Kencur Pedas Rafael,Rp35.000,Lidigeli,Kab. Garut,100+ terjual,4.9
krupuk seblak hah pedas gurih 1kg,Rp50.000,Markas Makaroni,Kab. Bekasi,500+ terjual,5.0
seblak instan,Rp4.555,tsr1997,Depok,2rb+ terjual,4.8
cuanki lidah khas garut 50 pcs enak untuk baso aci dan seblak ( BRY ),Rp15.999,aghniya,Tangerang Selatan,500+ terjual,4.9
Cuanki Batagor besar isi 25 pcs toping seblak baso Aci bakso cuanki,Rp8.600,Distributor Cuanki dan Seblak,Kab. Bekasi,100+ terjual,4.9
SEBLAK INSTANT TERMURAH,Rp3.999,Pusat Cuankie & Cemilan Frozen,Jakarta Timur,10rb+ terjual,4.8
"Seblak Rafael, Seblak Coet Instan Halal",Rp25.000,Brother Meat Shop,Depok,100+ terjual,4.9
Seblak Instan Pedas Home Made,Rp3.500,the Dhecip,Tangerang Selatan,2rb+ terjual,4.8
seblak instant sajodo snak,Rp19.000,hikmah berkah jaya,Jakarta Barat,750+ terjual,4.8
Seblak instan yoi enak dan kenyang,Rp7.500,SeblakYoi,Bekasi,250+ terjual,5.0
KERUPUK SEBLAK PEDAS / KRUPUK SEBLAK KERING DAUN JERUK PEDES,Rp25.000,LEGIT SNACK,Jakarta Barat,30+ terjual,5.0
"siomay kering bandung 500 gr. untuk baso aci, seblak ,mie ayam dll",Rp14.999,aghniya,Tangerang Selatan,750+ terjual,4.9
Kerupuk Seblak / Seblak / Kering Pedas /,Rp10.000,Anggris store,Kab. Bogor,50+ terjual,4.8
SEBRING KRUPUK KERUPUK SEBLAK KERING PEDAS DAUN JERUK 1KG CABE ASLI,Rp16.000,Aydaa Snack,Surakarta,70+ terjual,4.9
Makanan Kering Kerupuk Seblak Pedas 100 gram,Rp5.000,BLIBET,Jakarta Barat,8 terjual,5.0
SAMBAL SEBLAK BY MAMANG RAFAEL ORIGINAL HALAL VIRAALLL,Rp39.900,Beauty DELUXE,Jakarta Barat,9 terjual,5.0
"Seblak Rafael, Seblak Coet Instan Halal",Rp25.000,Brother Meat Shop,Depok,100+ terjual,4.9
Kerupuk Seblak Rafael Mawar Kecil Mentah 500 Gr / Seblak Viral YONGKI,Rp12.000,insanprimastore,Tangerang Selatan,17 terjual,5.0
Kerupuk SEBLAK MAWAR Rafael - Cikruh Daun Jeruk,Rp20.000,KRIUK JAYA,Jakarta Barat,30+ terjual,4.9
Seblak RAFAEL | Seblak MAMANG RAFAEL | Seblak Viral ORIGINAL TATANGGA,Rp40.000,Beauty DELUXE,Jakarta Barat,16 terjual,5.0
SEBLAK INSTANT TERMURAH,Rp3.999,Pusat Cuankie & Cemilan Frozen,Jakarta Timur,10rb+ terjual,4.8
"Seblak Rafael, Seblak Coet Instan Halal",Rp25.000,Brother Meat Shop,Depok,100+ terjual,4.9
Seblak Instan Pedas Home Made,Rp3.500,the Dhecip,Tangerang Selatan,2rb+ terjual,4.8
seblak instant sajodo snak,Rp19.000,hikmah berkah jaya,Jakarta Barat,750+ terjual,4.8
Seblak instan yoi enak dan kenyang,Rp7.500,SeblakYoi,Bekasi,250+ terjual,5.0
Seblak Instan Pedas Home Made,Rp3.500,the Dhecip,Tangerang Selatan,2rb+ terjual,4.8
Gelifood Seblak Instan Kerupuk Mawar Bumbu Kencur Rafael Pedas Gurih,Rp13.000,Lidigeli,Kab. Garut,250+ terjual,4.8
"keripik beling/kaca 1/2 kg. bumbu seblak daun jeruk enak, gurih, pedas",Rp25.999,aghniya,Tangerang Selatan,250+ terjual,4.9
Seblak pedas kerupuk pedas kiloan 1 kg,Rp35.000,RIKI STORE 97,Kab. Bogor,100+ terjual,4.8
Seblak Instan Komplit Pedas Gurih Nikmat,Rp5.999,Baso Aci Ayang,Kab. Garut,2rb+ terjual,4.9
siomay mini kering 1kg toping seblak baso aci,Rp25.000,CUANKI CULAMETAN,Kab. Garut,100+ terjual,4.9
Baso urat djuara sami raos/Baso Aci Urat /Seblak,Rp26.000,Snackzone PP,Jakarta Pusat,25 terjual,5.0
seblak instan jawara pedas sehot bandung,Rp13.000,cemilan Bandungstore,Cimahi,60+ terjual,4.9
Kerupuk Seblak Vegetarian Snack Vegan,Rp14.500,veggieku store,Jakarta Barat,7 terjual,4.8
seblak super hot isi 24 pcs ,Rp10.800,Toko JJ Cleon,Palembang,15 terjual,4.8
Seblak Mommy,Rp13.900,Gerai Snack Official Shop,Kab. Tangerang,2rb+ terjual,4.6
snack kiloan kerupuk seblak pedas nagih 250 gram free bubble warp,Rp16.000,camilaNung,Bekasi,500+ terjual,4.8
Kerupuk SEBLAK MAWAR Rafael - Cikruh Daun Jeruk ( 1 KG ),Rp79.000,KRIUK JAYA,Jakarta Barat,7 terjual,5.0
SEBLAK INSTANT TERMURAH,Rp3.999,Pusat Cuankie & Cemilan Frozen,Jakarta Timur,10rb+ terjual,4.8
"Seblak Rafael, Seblak Coet Instan Halal",Rp25.000,Brother Meat Shop,Depok,100+ terjual,4.9
Seblak Instan Pedas Home Made,Rp3.500,the Dhecip,Tangerang Selatan,2rb+ terjual,4.8
seblak instant sajodo snak,Rp19.000,hikmah berkah jaya,Jakarta Barat,750+ terjual,4.8
Seblak instan yoi enak dan kenyang,Rp7.500,SeblakYoi,Bekasi,250+ terjual,5.0
KERUPUK SEBLAK PEDAS / KRUPUK SEBLAK KERING DAUN JERUK PEDES,Rp25.000,LEGIT SNACK,Jakarta Barat,30+ terjual,5.0
"siomay kering bandung 500 gr. untuk baso aci, seblak ,mie ayam dll",Rp14.999,aghniya,Tangerang Selatan,750+ terjual,4.9
Kerupuk Seblak / Seblak / Kering Pedas /,Rp10.000,Anggris store,Kab. Bogor,50+ terjual,4.8
SEBRING KRUPUK KERUPUK SEBLAK KERING PEDAS DAUN JERUK 1KG CABE ASLI,Rp16.000,Aydaa Snack,Surakarta,70+ terjual,4.9
Makanan Kering Kerupuk Seblak Pedas 100 gram,Rp5.000,BLIBET,Jakarta Barat,8 terjual,5.0
SAMBAL SEBLAK BY MAMANG RAFAEL ORIGINAL HALAL VIRAALLL,Rp39.900,Beauty DELUXE,Jakarta Barat,9 terjual,5.0
"Seblak Rafael, Seblak Coet Instan Halal",Rp25.000,Brother Meat Shop,Depok,100+ terjual,4.9
Kerupuk Seblak Rafael Mawar Kecil Mentah 500 Gr / Seblak Viral YONGKI,Rp12.000,insanprimastore,Tangerang Selatan,17 terjual,5.0
Kerupuk SEBLAK MAWAR Rafael - Cikruh Daun Jeruk,Rp20.000,KRIUK JAYA,Jakarta Barat,30+ terjual,4.9
Seblak RAFAEL | Seblak MAMANG RAFAEL | Seblak Viral ORIGINAL TATANGGA,Rp40.000,Beauty DELUXE,Jakarta Barat,16 terjual,5.0
SEBLAK INSTANT TERMURAH,Rp3.999,Pusat Cuankie & Cemilan Frozen,Jakarta Timur,10rb+ terjual,4.8
"Seblak Rafael, Seblak Coet Instan Halal",Rp25.000,Brother Meat Shop,Depok,100+ terjual,4.9
Seblak Instan Pedas Home Made,Rp3.500,the Dhecip,Tangerang Selatan,2rb+ terjual,4.8
seblak instant sajodo snak,Rp19.000,hikmah berkah jaya,Jakarta Barat,750+ terjual,4.8
Seblak instan yoi enak dan kenyang,Rp7.500,SeblakYoi,Bekasi,250+ terjual,5.0
Seblak Instan Pedas Home Made,Rp3.500,the Dhecip,Tangerang Selatan,2rb+ terjual,4.8
Gelifood Seblak Instan Kerupuk Mawar Bumbu Kencur Rafael Pedas Gurih,Rp13.000,Lidigeli,Kab. Garut,250+ terjual,4.8
"keripik beling/kaca 1/2 kg. bumbu seblak daun jeruk enak, gurih, pedas",Rp25.999,aghniya,Tangerang Selatan,250+ terjual,4.9
Seblak pedas kerupuk pedas kiloan 1 kg,Rp35.000,RIKI STORE 97,Kab. Bogor,100+ terjual,4.8
Seblak Instan Komplit Pedas Gurih Nikmat,Rp5.999,Baso Aci Ayang,Kab. Garut,2rb+ terjual,4.9
cuanki tahu kering seblak isi 50 pcs toping seblak baso aci,Rp12.500,CUANKI CULAMETAN,Kab. Garut,250+ terjual,4.9
Kerupuk Mawar Tipis Merk Singa Kerupuk Seblak Kerupuk Mentah - 1kg,Rp28.130,Djuragan Kerupuk,Surabaya,4 terjual,5.0
"Kylafood Paket ( Seblak Original, Batagor, Cireng Rujak, Boci Goang)",Rp71.250,kylafood,Bandung,500+ terjual,4.9
cuanki tahu gepeng isi 100 pcs toping seblak bsso aci,Rp38.999,CUANKI CULAMETAN,Kab. Garut,100+ terjual,4.9
Bundle - Basranger Seblak | Baso Aci Extra Pedas | Tulang Rangu,Rp56.300,Rak Sebelah,Jakarta Pusat,100+ terjual,4.9
KERUPUK MENTAH KERUPUK SEBLAK MENTAH 500 GR,Rp12.500,BociKakang,Jakarta Selatan,100+ terjual,4.9
BASRENG 1 KG SEBLAK DAUN JERUK PURUT SUPER PEDAS ORIGINAL SUPER RENYAH,Rp51.771,Grosir Besar Kalimantan,Banjarbaru,16 terjual,5.0
3 BASO ACI FREE SEBLAK SAJODO SNACK & FOOD,Rp63.000,Sajodo Snack & Food,Tasikmalaya,17 terjual,5.0
Seblak Instan Carla 100gr,Rp14.000,3Key Frozen,Tangerang,30+ terjual,5.0
"siomay mini kering 250 gr enak renyah untuk basoaci,seblak,cemilan dll",Rp9.999,aghniya,Tangerang Selatan,100+ terjual,4.8
SEBLAK INSTANT TERMURAH,Rp3.999,Pusat Cuankie & Cemilan Frozen,Jakarta Timur,10rb+ terjual,4.8
"Seblak Rafael, Seblak Coet Instan Halal",Rp25.000,Brother Meat Shop,Depok,100+ terjual,4.9
Seblak Instan Pedas Home Made,Rp3.500,the Dhecip,Tangerang Selatan,2rb+ terjual,4.8
seblak instant sajodo snak,Rp19.000,hikmah berkah jaya,Jakarta Barat,750+ terjual,4.8
Seblak instan yoi enak dan kenyang,Rp7.500,SeblakYoi,Bekasi,250+ terjual,5.0
KERUPUK SEBLAK PEDAS / KRUPUK SEBLAK KERING DAUN JERUK PEDES,Rp25.000,LEGIT SNACK,Jakarta Barat,30+ terjual,5.0
"siomay kering bandung 500 gr. untuk baso aci, seblak ,mie ayam dll",Rp14.999,aghniya,Tangerang Selatan,750+ terjual,4.9
Kerupuk Seblak / Seblak / Kering Pedas /,Rp10.000,Anggris store,Kab. Bogor,50+ terjual,4.8
SEBRING KRUPUK KERUPUK SEBLAK KERING PEDAS DAUN JERUK 1KG CABE ASLI,Rp16.000,Aydaa Snack,Surakarta,70+ terjual,4.9
Makanan Kering Kerupuk Seblak Pedas 100 gram,Rp5.000,BLIBET,Jakarta Barat,8 terjual,5.0
SAMBAL SEBLAK BY MAMANG RAFAEL ORIGINAL HALAL VIRAALLL,Rp39.900,Beauty DELUXE,Jakarta Barat,9 terjual,5.0
"Seblak Rafael, Seblak Coet Instan Halal",Rp25.000,Brother Meat Shop,Depok,100+ terjual,4.9
Kerupuk Seblak Rafael Mawar Kecil Mentah 500 Gr / Seblak Viral YONGKI,Rp12.000,insanprimastore,Tangerang Selatan,17 terjual,5.0
Kerupuk SEBLAK MAWAR Rafael - Cikruh Daun Jeruk,Rp20.000,KRIUK JAYA,Jakarta Barat,30+ terjual,4.9
Seblak RAFAEL | Seblak MAMANG RAFAEL | Seblak Viral ORIGINAL TATANGGA,Rp40.000,Beauty DELUXE,Jakarta Barat,16 terjual,5.0
SEBLAK INSTANT TERMURAH,Rp3.999,Pusat Cuankie & Cemilan Frozen,Jakarta Timur,10rb+ terjual,4.8
"Seblak Rafael, Seblak Coet Instan Halal",Rp25.000,Brother Meat Shop,Depok,100+ terjual,4.9
Seblak Instan Pedas Home Made,Rp3.500,the Dhecip,Tangerang Selatan,2rb+ terjual,4.8
seblak instant sajodo snak,Rp19.000,hikmah berkah jaya,Jakarta Barat,750+ terjual,4.8
Seblak instan yoi enak dan kenyang,Rp7.500,SeblakYoi,Bekasi,250+ terjual,5.0
Seblak Instan Pedas Home Made,Rp3.500,the Dhecip,Tangerang Selatan,2rb+ terjual,4.8
Gelifood Seblak Instan Kerupuk Mawar Bumbu Kencur Rafael Pedas Gurih,Rp13.000,Lidigeli,Kab. Garut,250+ terjual,4.8
"keripik beling/kaca 1/2 kg. bumbu seblak daun jeruk enak, gurih, pedas",Rp25.999,aghniya,Tangerang Selatan,250+ terjual,4.9
Seblak pedas kerupuk pedas kiloan 1 kg,Rp35.000,RIKI STORE 97,Kab. Bogor,100+ terjual,4.8
Seblak Instan Komplit Pedas Gurih Nikmat,Rp5.999,Baso Aci Ayang,Kab. Garut,2rb+ terjual,4.9
seblak instan om brewok,Rp14.000,Muysproduct,Kab. Bogor,2 terjual,5.0
Kylafood Seblak Tulang Rawan,Rp24.500,kylafood,Bandung,8rb+ terjual,4.9
Bakso Aci Instan Murah Asli Bandung Frozen Baso Cilok Kuah Kenyang,Rp5.702,Berkah Food Bandung,Cimahi,10rb+ terjual,4.9
Kylafood Paket (3 Seblak Original 2 Batagor kuah) ,Rp91.125,kylafood,Bandung,3rb+ terjual,4.9
seblak instan mie bakso om brewok,Rp16.000,Muysproduct,Kab. Bogor,5 terjual,5.0
Seblak Instan LALA komplit rasa mantap ngeunah raos pisan khas Bandung,Rp60.000,Seblak carla,Tangerang,90+ terjual,5.0
Mommy Seblak Basah Instan 100gr,Rp9.750,Fortuneolshop888,Kab. Bogor,250+ terjual,4.9
Cuanki tahu Gepeng Geprek isi 20 pcs toping seblak baso Aci baso,Rp8.500,Distributor Cuanki dan Seblak,Kab. Bekasi,80+ terjual,4.8
"makaroni kriuk 500g pedas extra daun jeruk,cemilan nikmat,seblak,makan",Rp23.000,anugrah seblak,Kab. Bandung,250+ terjual,4.8
1kg GURILEM Siomay Mini bahan Pelengkap Boci seblak dan cuanki,Rp29.500,lahawelah,Kab. Garut,750+ terjual,4.9
SEBLAK INSTANT TERMURAH,Rp3.999,Pusat Cuankie & Cemilan Frozen,Jakarta Timur,10rb+ terjual,4.8
"Seblak Rafael, Seblak Coet Instan Halal",Rp25.000,Brother Meat Shop,Depok,100+ terjual,4.9
Seblak Instan Pedas Home Made,Rp3.500,the Dhecip,Tangerang Selatan,2rb+ terjual,4.8
seblak instant sajodo snak,Rp19.000,hikmah berkah jaya,Jakarta Barat,750+ terjual,4.8
Seblak instan yoi enak dan kenyang,Rp7.500,SeblakYoi,Bekasi,250+ terjual,5.0
KERUPUK SEBLAK PEDAS / KRUPUK SEBLAK KERING DAUN JERUK PEDES,Rp25.000,LEGIT SNACK,Jakarta Barat,30+ terjual,5.0
"siomay kering bandung 500 gr. untuk baso aci, seblak ,mie ayam dll",Rp14.999,aghniya,Tangerang Selatan,750+ terjual,4.9
Kerupuk Seblak / Seblak / Kering Pedas /,Rp10.000,Anggris store,Kab. Bogor,50+ terjual,4.8
SEBRING KRUPUK KERUPUK SEBLAK KERING PEDAS DAUN JERUK 1KG CABE ASLI,Rp16.000,Aydaa Snack,Surakarta,70+ terjual,4.9
Makanan Kering Kerupuk Seblak Pedas 100 gram,Rp5.000,BLIBET,Jakarta Barat,8 terjual,5.0
SAMBAL SEBLAK BY MAMANG RAFAEL ORIGINAL HALAL VIRAALLL,Rp39.900,Beauty DELUXE,Jakarta Barat,9 terjual,5.0
"Seblak Rafael, Seblak Coet Instan Halal",Rp25.000,Brother Meat Shop,Depok,100+ terjual,4.9
Kerupuk Seblak Rafael Mawar Kecil Mentah 500 Gr / Seblak Viral YONGKI,Rp12.000,insanprimastore,Tangerang Selatan,17 terjual,5.0
Kerupuk SEBLAK MAWAR Rafael - Cikruh Daun Jeruk,Rp20.000,KRIUK JAYA,Jakarta Barat,30+ terjual,4.9
Seblak RAFAEL | Seblak MAMANG RAFAEL | Seblak Viral ORIGINAL TATANGGA,Rp40.000,Beauty DELUXE,Jakarta Barat,16 terjual,5.0
SEBLAK INSTANT TERMURAH,Rp3.999,Pusat Cuankie & Cemilan Frozen,Jakarta Timur,10rb+ terjual,4.8
"Seblak Rafael, Seblak Coet Instan Halal",Rp25.000,Brother Meat Shop,Depok,100+ terjual,4.9
Seblak Instan Pedas Home Made,Rp3.500,the Dhecip,Tangerang Selatan,2rb+ terjual,4.8
seblak instant sajodo snak,Rp19.000,hikmah berkah jaya,Jakarta Barat,750+ terjual,4.8
Seblak instan yoi enak dan kenyang,Rp7.500,SeblakYoi,Bekasi,250+ terjual,5.0
Seblak Instan Pedas Home Made,Rp3.500,the Dhecip,Tangerang Selatan,2rb+ terjual,4.8
Gelifood Seblak Instan Kerupuk Mawar Bumbu Kencur Rafael Pedas Gurih,Rp13.000,Lidigeli,Kab. Garut,250+ terjual,4.8
"keripik beling/kaca 1/2 kg. bumbu seblak daun jeruk enak, gurih, pedas",Rp25.999,aghniya,Tangerang Selatan,250+ terjual,4.9
Seblak pedas kerupuk pedas kiloan 1 kg,Rp35.000,RIKI STORE 97,Kab. Bogor,100+ terjual,4.8
Seblak Instan Komplit Pedas Gurih Nikmat,Rp5.999,Baso Aci Ayang,Kab. Garut,2rb+ terjual,4.9
Gelifood Seblak Instan Kerupuk Mawar Bumbu Kencur Rafael Pedas Gurih,Rp13.000,Lidigeli,Kab. Garut,250+ terjual,4.8
"Seblak Rafael, Seblak Coet Instan Halal",Rp25.000,Brother Meat Shop,Depok,100+ terjual,4.9
Seblak Instan Ceu Nthien Khas Bandung Rasana Ngeunah Pisan,Rp17.000,Central Seblak Nusantara,Tangerang Selatan,2rb+ terjual,4.9
"Kylafood Seblak Cup Instan, Halal",Rp11.500,Brother Meat Shop,Depok,60+ terjual,5.0
KERUPUK SEBLAK MENTAH ANEKA WARNA,Rp11.500,jajanangarut19,Jakarta Selatan,250+ terjual,4.9
Seblak Instant Carla 100 gr,Rp13.000,Rahmatika Freshmart,Tangerang Selatan,17 terjual,5.0
SEBLAK KERING CIKRUH BUMBU KACANG VARIAN CAMPUR,Rp10.599,Simshop_,Cimahi,40+ terjual,4.8
Kerupuk seblak kering kencur 500gram /seblak kering pedas daun jeruk,Rp24.700,oyun kriukzz,Kab. Bekasi,750+ terjual,4.9
Kerupuk Krupuk Seblak Putih Kering Pedas Oleh Oleh Bandung Odjolali,Rp10.500,Storio Store,Tangerang Selatan,30+ terjual,4.5
SEBLAK INSTANT TERMURAH,Rp3.999,Pusat Cuankie & Cemilan Frozen,Jakarta Timur,10rb+ terjual,4.8
"Seblak Rafael, Seblak Coet Instan Halal",Rp25.000,Brother Meat Shop,Depok,100+ terjual,4.9
Seblak Instan Pedas Home Made,Rp3.500,the Dhecip,Tangerang Selatan,2rb+ terjual,4.8
seblak instant sajodo snak,Rp19.000,hikmah berkah jaya,Jakarta Barat,750+ terjual,4.8
Seblak instan yoi enak dan kenyang,Rp7.500,SeblakYoi,Bekasi,250+ terjual,5.0
KERUPUK SEBLAK PEDAS / KRUPUK SEBLAK KERING DAUN JERUK PEDES,Rp25.000,LEGIT SNACK,Jakarta Barat,30+ terjual,5.0
"siomay kering bandung 500 gr. untuk baso aci, seblak ,mie ayam dll",Rp14.999,aghniya,Tangerang Selatan,750+ terjual,4.9
Kerupuk Seblak / Seblak / Kering Pedas /,Rp10.000,Anggris store,Kab. Bogor,50+ terjual,4.8
SEBRING KRUPUK KERUPUK SEBLAK KERING PEDAS DAUN JERUK 1KG CABE ASLI,Rp16.000,Aydaa Snack,Surakarta,70+ terjual,4.9
Makanan Kering Kerupuk Seblak Pedas 100 gram,Rp5.000,BLIBET,Jakarta Barat,8 terjual,5.0
SAMBAL SEBLAK BY MAMANG RAFAEL ORIGINAL HALAL VIRAALLL,Rp39.900,Beauty DELUXE,Jakarta Barat,9 terjual,5.0
"Seblak Rafael, Seblak Coet Instan Halal",Rp25.000,Brother Meat Shop,Depok,100+ terjual,4.9
Kerupuk Seblak Rafael Mawar Kecil Mentah 500 Gr / Seblak Viral YONGKI,Rp12.000,insanprimastore,Tangerang Selatan,17 terjual,5.0
Kerupuk SEBLAK MAWAR Rafael - Cikruh Daun Jeruk,Rp20.000,KRIUK JAYA,Jakarta Barat,30+ terjual,4.9
Seblak RAFAEL | Seblak MAMANG RAFAEL | Seblak Viral ORIGINAL TATANGGA,Rp40.000,Beauty DELUXE,Jakarta Barat,16 terjual,5.0
SEBLAK INSTANT TERMURAH,Rp3.999,Pusat Cuankie & Cemilan Frozen,Jakarta Timur,10rb+ terjual,4.8
"Seblak Rafael, Seblak Coet Instan Halal",Rp25.000,Brother Meat Shop,Depok,100+ terjual,4.9
Seblak Instan Pedas Home Made,Rp3.500,the Dhecip,Tangerang Selatan,2rb+ terjual,4.8
seblak instant sajodo snak,Rp19.000,hikmah berkah jaya,Jakarta Barat,750+ terjual,4.8
Seblak instan yoi enak dan kenyang,Rp7.500,SeblakYoi,Bekasi,250+ terjual,5.0
Seblak Instan Pedas Home Made,Rp3.500,the Dhecip,Tangerang Selatan,2rb+ terjual,4.8
Gelifood Seblak Instan Kerupuk Mawar Bumbu Kencur Rafael Pedas Gurih,Rp13.000,Lidigeli,Kab. Garut,250+ terjual,4.8
"keripik beling/kaca 1/2 kg. bumbu seblak daun jeruk enak, gurih, pedas",Rp25.999,aghniya,Tangerang Selatan,250+ terjual,4.9
Seblak pedas kerupuk pedas kiloan 1 kg,Rp35.000,RIKI STORE 97,Kab. Bogor,100+ terjual,4.8
Seblak Instan Komplit Pedas Gurih Nikmat,Rp5.999,Baso Aci Ayang,Kab. Garut,2rb+ terjual,4.9
Seblak / Seblak Kering / Kerupuk Seblak Kering Pedas,Rp15.000,Bung Boe Snack,Kab. Sumedang,40+ terjual,5.0
Yasnack Kerupuk Seblak Rafael Pedas Cikruh Gurih 500 gr,Rp28.900,YasnackID,Bandung,9 terjual,5.0
Keripik Seblak Pedas Putih,Rp18.000,Snackzone PP,Jakarta Pusat,30+ terjual,5.0
Kylafood Seblak Rempah Authentik,Rp8.175,kylafood,Bandung,1rb+ terjual,4.9
Kerupuk seblak Mawar / Seblak Rafael / Seblak viral 500 gr,Rp34.500,Bintang Snack & Camilan,Semarang,9 terjual,5.0
Seblak/Cuanki/Baso aci/Batagor kuah (instan) 1porsi. toping lengkap,Rp7.500,Aliya28,Tangerang Selatan,100+ terjual,5.0
Kerupuk Seblak RAFAEL / Krupuk Seblak Pedas Bantet - Anum Sari,Rp15.000,ANUM SARI,Tangerang Selatan,7 terjual,5.0
Kerupuk Seblak Mawar Kribo Pedas Daun Jeruk 1.8kg,Rp70.000,Cap 2K Snack,Kab. Bandung,20 terjual,4.6
KERUPUK SEBLAK 500GR / KRUPUK SEBLAK DAUN JERUK / SEBLAK PEDAS,Rp19.900,Dapur Sehat21,Kab. Bandung,70+ terjual,4.9
Cancimen Seblak Ramen Mas Miun Snack Cemilan Cup Siap Saji,Rp16.830,Mo_toko,Tangerang Selatan,8 terjual,5.0
SEBLAK INSTANT TERMURAH,Rp3.999,Pusat Cuankie & Cemilan Frozen,Jakarta Timur,10rb+ terjual,4.8
"Seblak Rafael, Seblak Coet Instan Halal",Rp25.000,Brother Meat Shop,Depok,100+ terjual,4.9
Seblak Instan Pedas Home Made,Rp3.500,the Dhecip,Tangerang Selatan,2rb+ terjual,4.8
seblak instant sajodo snak,Rp19.000,hikmah berkah jaya,Jakarta Barat,750+ terjual,4.8
Seblak instan yoi enak dan kenyang,Rp7.500,SeblakYoi,Bekasi,250+ terjual,5.0
KERUPUK SEBLAK PEDAS / KRUPUK SEBLAK KERING DAUN JERUK PEDES,Rp25.000,LEGIT SNACK,Jakarta Barat,30+ terjual,5.0
"siomay kering bandung 500 gr. untuk baso aci, seblak ,mie ayam dll",Rp14.999,aghniya,Tangerang Selatan,750+ terjual,4.9
Kerupuk Seblak / Seblak / Kering Pedas /,Rp10.000,Anggris store,Kab. Bogor,50+ terjual,4.8
SEBRING KRUPUK KERUPUK SEBLAK KERING PEDAS DAUN JERUK 1KG CABE ASLI,Rp16.000,Aydaa Snack,Surakarta,70+ terjual,4.9
Makanan Kering Kerupuk Seblak Pedas 100 gram,Rp5.000,BLIBET,Jakarta Barat,8 terjual,5.0
SAMBAL SEBLAK BY MAMANG RAFAEL ORIGINAL HALAL VIRAALLL,Rp39.900,Beauty DELUXE,Jakarta Barat,9 terjual,5.0
"Seblak Rafael, Seblak Coet Instan Halal",Rp25.000,Brother Meat Shop,Depok,100+ terjual,4.9
Kerupuk Seblak Rafael Mawar Kecil Mentah 500 Gr / Seblak Viral YONGKI,Rp12.000,insanprimastore,Tangerang Selatan,17 terjual,5.0
Kerupuk SEBLAK MAWAR Rafael - Cikruh Daun Jeruk,Rp20.000,KRIUK JAYA,Jakarta Barat,30+ terjual,4.9
Seblak RAFAEL | Seblak MAMANG RAFAEL | Seblak Viral ORIGINAL TATANGGA,Rp40.000,Beauty DELUXE,Jakarta Barat,16 terjual,5.0
SEBLAK INSTANT TERMURAH,Rp3.999,Pusat Cuankie & Cemilan Frozen,Jakarta Timur,10rb+ terjual,4.8
"Seblak Rafael, Seblak Coet Instan Halal",Rp25.000,Brother Meat Shop,Depok,100+ terjual,4.9
Seblak Instan Pedas Home Made,Rp3.500,the Dhecip,Tangerang Selatan,2rb+ terjual,4.8
seblak instant sajodo snak,Rp19.000,hikmah berkah jaya,Jakarta Barat,750+ terjual,4.8
Seblak instan yoi enak dan kenyang,Rp7.500,SeblakYoi,Bekasi,250+ terjual,5.0
Seblak Instan Pedas Home Made,Rp3.500,the Dhecip,Tangerang Selatan,2rb+ terjual,4.8
Gelifood Seblak Instan Kerupuk Mawar Bumbu Kencur Rafael Pedas Gurih,Rp13.000,Lidigeli,Kab. Garut,250+ terjual,4.8
"keripik beling/kaca 1/2 kg. bumbu seblak daun jeruk enak, gurih, pedas",Rp25.999,aghniya,Tangerang Selatan,250+ terjual,4.9
Seblak pedas kerupuk pedas kiloan 1 kg,Rp35.000,RIKI STORE 97,Kab. Bogor,100+ terjual,4.8
Seblak Instan Komplit Pedas Gurih Nikmat,Rp5.999,Baso Aci Ayang,Kab. Garut,2rb+ terjual,4.9
cuanki tahu gepeng isi 100 pcs toping seblak bsso aci,Rp38.999,CUANKI CULAMETAN,Kab. Garut,100+ terjual,4.9
CUANKIE JUARA! CUANKIE JAJANAN KULINER ENAK KHAS BANDUNG VARIAN RASA - 6 Ayam Bwg (AB),Rp115.000,Rasa Juara Indonesia,Kab. Bandung,750+ terjual,4.9
siomay mini kering 1kg / gurilem toping seblak baso aci cuanki,Rp25.000,CuankiCulametan,Kab. Garut,100+ terjual,4.9
Soun Seblak Geprek SAMI RAOS Khas Garut,Rp20.000,Gerai Snack Official Shop,Kab. Tangerang,80+ terjual,4.7
Kerupuk Seblak/Nasgor Mentah 250gr,Rp10.000,IKAN SEGAR CAK ADNAN,Jakarta Selatan,7 terjual,5.0
kerupuk seblak,Rp10.000,fey snack,Depok,100+ terjual,4.9
Kerupuk seblak merah,Rp18.000,Snackzone KK,Jakarta Selatan,28 terjual,4.9
Seblak Kering Gurih 65gram,Rp10.965,Lidigeli,Kab. Garut,100+ terjual,5.0
seblak frozen instan seblak rafael,Rp8.000,Kunyahhfood,Kab. Bogor,50+ terjual,5.0
SEBLAK INSTANT TERMURAH,Rp3.999,Pusat Cuankie & Cemilan Frozen,Jakarta Timur,10rb+ terjual,4.8
"Seblak Rafael, Seblak Coet Instan Halal",Rp25.000,Brother Meat Shop,Depok,100+ terjual,4.9
Seblak Instan Pedas Home Made,Rp3.500,the Dhecip,Tangerang Selatan,2rb+ terjual,4.8
seblak instant sajodo snak,Rp19.000,hikmah berkah jaya,Jakarta Barat,750+ terjual,4.8
Seblak instan yoi enak dan kenyang,Rp7.500,SeblakYoi,Bekasi,250+ terjual,5.0
KERUPUK SEBLAK PEDAS / KRUPUK SEBLAK KERING DAUN JERUK PEDES,Rp25.000,LEGIT SNACK,Jakarta Barat,30+ terjual,5.0
"siomay kering bandung 500 gr. untuk baso aci, seblak ,mie ayam dll",Rp14.999,aghniya,Tangerang Selatan,750+ terjual,4.9
Kerupuk Seblak / Seblak / Kering Pedas /,Rp10.000,Anggris store,Kab. Bogor,50+ terjual,4.8
SEBRING KRUPUK KERUPUK SEBLAK KERING PEDAS DAUN JERUK 1KG CABE ASLI,Rp16.000,Aydaa Snack,Surakarta,70+ terjual,4.9
Makanan Kering Kerupuk Seblak Pedas 100 gram,Rp5.000,BLIBET,Jakarta Barat,8 terjual,5.0
SAMBAL SEBLAK BY MAMANG RAFAEL ORIGINAL HALAL VIRAALLL,Rp39.900,Beauty DELUXE,Jakarta Barat,9 terjual,5.0
"Seblak Rafael, Seblak Coet Instan Halal",Rp25.000,Brother Meat Shop,Depok,100+ terjual,4.9
Kerupuk Seblak Rafael Mawar Kecil Mentah 500 Gr / Seblak Viral YONGKI,Rp12.000,insanprimastore,Tangerang Selatan,17 terjual,5.0
Kerupuk SEBLAK MAWAR Rafael - Cikruh Daun Jeruk,Rp20.000,KRIUK JAYA,Jakarta Barat,30+ terjual,4.9
Seblak RAFAEL | Seblak MAMANG RAFAEL | Seblak Viral ORIGINAL TATANGGA,Rp40.000,Beauty DELUXE,Jakarta Barat,16 terjual,5.0
SEBLAK INSTANT TERMURAH,Rp3.999,Pusat Cuankie & Cemilan Frozen,Jakarta Timur,10rb+ terjual,4.8
"Seblak Rafael, Seblak Coet Instan Halal",Rp25.000,Brother Meat Shop,Depok,100+ terjual,4.9
Seblak Instan Pedas Home Made,Rp3.500,the Dhecip,Tangerang Selatan,2rb+ terjual,4.8
seblak instant sajodo snak,Rp19.000,hikmah berkah jaya,Jakarta Barat,750+ terjual,4.8
Seblak instan yoi enak dan kenyang,Rp7.500,SeblakYoi,Bekasi,250+ terjual,5.0
Seblak Instan Pedas Home Made,Rp3.500,the Dhecip,Tangerang Selatan,2rb+ terjual,4.8
Gelifood Seblak Instan Kerupuk Mawar Bumbu Kencur Rafael Pedas Gurih,Rp13.000,Lidigeli,Kab. Garut,250+ terjual,4.8
"keripik beling/kaca 1/2 kg. bumbu seblak daun jeruk enak, gurih, pedas",Rp25.999,aghniya,Tangerang Selatan,250+ terjual,4.9
Seblak pedas kerupuk pedas kiloan 1 kg,Rp35.000,RIKI STORE 97,Kab. Bogor,100+ terjual,4.8
Seblak Instan Komplit Pedas Gurih Nikmat,Rp5.999,Baso Aci Ayang,Kab. Garut,2rb+ terjual,4.9
Seblak Bapper Bikin Nagih Parah Extra Mie Kuning 120gr,Rp20.000,Gerai Snack Official Shop,Kab. Tangerang,50+ terjual,4.9
Baso Aci Mie Nyemek Teh Shanty Original Lengkap Dengan Gurilem 200g,Rp22.900,Gerai Snack Official Shop,Kab. Tangerang,100+ terjual,5.0
kerupuk seblak kencur pedas 100 gram,Rp5.000,keripikususkrisis,Kab. Gresik,50+ terjual,4.9
kerupuk seblak mawar pedas daun jeruk,Rp7.999,uus shop 02,Surabaya,40+ terjual,4.8
Seblak Instant Nagih | Seblak + Baso Aci Jajanan Milenial,Rp10.296,vieka mart official,Tangerang Selatan,15 terjual,4.3
Seblak Kencur 250gr/Kerupuk Seblak Rasa Kencur/Snack Cemilan,Rp11.600,Agen Snack Murah,Jakarta Barat,100+ terjual,5.0
Seblak makroni pedas gurih ekstra daun jeruk 100 gram,Rp5.000,Seblak putra bandung,Kab. Bandung,100+ terjual,4.8
100gr Kerupuk Bawang Tersanjung Bintang Bunga Krupuk Mentah seblak,Rp4.400,Eagar Wangsa,Jakarta Utara,250+ terjual,4.8
KRUPUK JABLAY PEDAS 500Gram/KRUPUK SEBLAK/SEBLAK KERING/SNACK KILOAN,Rp22.999,Agen Snack Murah,Jakarta Barat,50+ terjual,4.9
Seblak Basranger,Rp14.500,Khayla BeautyShop,Kab. Bekasi,9 terjual,5.0
SEBLAK INSTANT TERMURAH,Rp3.999,Pusat Cuankie & Cemilan Frozen,Jakarta Timur,10rb+ terjual,4.8
"Seblak Rafael, Seblak Coet Instan Halal",Rp25.000,Brother Meat Shop,Depok,100+ terjual,4.9
Seblak Instan Pedas Home Made,Rp3.500,the Dhecip,Tangerang Selatan,2rb+ terjual,4.8
seblak instant sajodo snak,Rp19.000,hikmah berkah jaya,Jakarta Barat,750+ terjual,4.8
Seblak instan yoi enak dan kenyang,Rp7.500,SeblakYoi,Bekasi,250+ terjual,5.0
KERUPUK SEBLAK PEDAS / KRUPUK SEBLAK KERING DAUN JERUK PEDES,Rp25.000,LEGIT SNACK,Jakarta Barat,30+ terjual,5.0
"siomay kering bandung 500 gr. untuk baso aci, seblak ,mie ayam dll",Rp14.999,aghniya,Tangerang Selatan,750+ terjual,4.9
Kerupuk Seblak / Seblak / Kering Pedas /,Rp10.000,Anggris store,Kab. Bogor,50+ terjual,4.8
SEBRING KRUPUK KERUPUK SEBLAK KERING PEDAS DAUN JERUK 1KG CABE ASLI,Rp16.000,Aydaa Snack,Surakarta,70+ terjual,4.9
Makanan Kering Kerupuk Seblak Pedas 100 gram,Rp5.000,BLIBET,Jakarta Barat,8 terjual,5.0
SAMBAL SEBLAK BY MAMANG RAFAEL ORIGINAL HALAL VIRAALLL,Rp39.900,Beauty DELUXE,Jakarta Barat,9 terjual,5.0
"Seblak Rafael, Seblak Coet Instan Halal",Rp25.000,Brother Meat Shop,Depok,100+ terjual,4.9
Kerupuk Seblak Rafael Mawar Kecil Mentah 500 Gr / Seblak Viral YONGKI,Rp12.000,insanprimastore,Tangerang Selatan,17 terjual,5.0
Kerupuk SEBLAK MAWAR Rafael - Cikruh Daun Jeruk,Rp20.000,KRIUK JAYA,Jakarta Barat,30+ terjual,4.9
Seblak RAFAEL | Seblak MAMANG RAFAEL | Seblak Viral ORIGINAL TATANGGA,Rp40.000,Beauty DELUXE,Jakarta Barat,16 terjual,5.0
SEBLAK INSTANT TERMURAH,Rp3.999,Pusat Cuankie & Cemilan Frozen,Jakarta Timur,10rb+ terjual,4.8
"Seblak Rafael, Seblak Coet Instan Halal",Rp25.000,Brother Meat Shop,Depok,100+ terjual,4.9
Seblak Instan Pedas Home Made,Rp3.500,the Dhecip,Tangerang Selatan,2rb+ terjual,4.8
seblak instant sajodo snak,Rp19.000,hikmah berkah jaya,Jakarta Barat,750+ terjual,4.8
Seblak instan yoi enak dan kenyang,Rp7.500,SeblakYoi,Bekasi,250+ terjual,5.0
Seblak Instan Pedas Home Made,Rp3.500,the Dhecip,Tangerang Selatan,2rb+ terjual,4.8
Gelifood Seblak Instan Kerupuk Mawar Bumbu Kencur Rafael Pedas Gurih,Rp13.000,Lidigeli,Kab. Garut,250+ terjual,4.8
"keripik beling/kaca 1/2 kg. bumbu seblak daun jeruk enak, gurih, pedas",Rp25.999,aghniya,Tangerang Selatan,250+ terjual,4.9
Seblak pedas kerupuk pedas kiloan 1 kg,Rp35.000,RIKI STORE 97,Kab. Bogor,100+ terjual,4.8
Seblak Instan Komplit Pedas Gurih Nikmat,Rp5.999,Baso Aci Ayang,Kab. Garut,2rb+ terjual,4.9
Gelifood Seblak Instan Kerupuk Mawar Bumbu Kencur Rafael Pedas Gurih,Rp13.000,Lidigeli,Kab. Garut,250+ terjual,4.8
"Seblak Rafael, Seblak Coet Instan Halal",Rp25.000,Brother Meat Shop,Depok,100+ terjual,4.9
Seblak Instan Ceu Nthien Khas Bandung Rasana Ngeunah Pisan,Rp17.000,Central Seblak Nusantara,Tangerang Selatan,2rb+ terjual,4.9
"Kylafood Seblak Cup Instan, Halal",Rp11.500,Brother Meat Shop,Depok,60+ terjual,5.0
KERUPUK SEBLAK MENTAH ANEKA WARNA,Rp11.500,jajanangarut19,Jakarta Selatan,250+ terjual,4.9
KRUPUK JABLAY PEDAS 220GR/KRUPUK SEBLAK/CEMILAN SNACK/SNACK KILOAN.,Rp11.000,Agen Snack Murah,Jakarta Barat,30+ terjual,4.9
Paket seblak bakso untuk 3 porsi,Rp29.000,Tukangsayurmbakyu,Tangerang Selatan,30+ terjual,5.0
cuanki lidah 150 pcs toping seblak baso aci,Rp35.000,CUANKI CULAMETAN,Kab. Garut,250+ terjual,5.0
KERUPUK SEBLAK KERITING CABE MERAH SUPER PEDES 250 GRAM,Rp18.000,Madinah Oleh Oleh Bdg,Bandung,100+ terjual,4.9
Paket seblak sosis untuk 3 porsi,Rp29.000,Tukangsayurmbakyu,Tangerang Selatan,8 terjual,5.0
SEBLAK INSTANT TERMURAH,Rp3.999,Pusat Cuankie & Cemilan Frozen,Jakarta Timur,10rb+ terjual,4.8
"Seblak Rafael, Seblak Coet Instan Halal",Rp25.000,Brother Meat Shop,Depok,100+ terjual,4.9
Seblak Instan Pedas Home Made,Rp3.500,the Dhecip,Tangerang Selatan,2rb+ terjual,4.8
seblak instant sajodo snak,Rp19.000,hikmah berkah jaya,Jakarta Barat,750+ terjual,4.8
Seblak instan yoi enak dan kenyang,Rp7.500,SeblakYoi,Bekasi,250+ terjual,5.0
KERUPUK SEBLAK PEDAS / KRUPUK SEBLAK KERING DAUN JERUK PEDES,Rp25.000,LEGIT SNACK,Jakarta Barat,30+ terjual,5.0
"siomay kering bandung 500 gr. untuk baso aci, seblak ,mie ayam dll",Rp14.999,aghniya,Tangerang Selatan,750+ terjual,4.9
Kerupuk Seblak / Seblak / Kering Pedas /,Rp10.000,Anggris store,Kab. Bogor,50+ terjual,4.8
SEBRING KRUPUK KERUPUK SEBLAK KERING PEDAS DAUN JERUK 1KG CABE ASLI,Rp16.000,Aydaa Snack,Surakarta,70+ terjual,4.9
Makanan Kering Kerupuk Seblak Pedas 100 gram,Rp5.000,BLIBET,Jakarta Barat,8 terjual,5.0
SAMBAL SEBLAK BY MAMANG RAFAEL ORIGINAL HALAL VIRAALLL,Rp39.900,Beauty DELUXE,Jakarta Barat,9 terjual,5.0
"Seblak Rafael, Seblak Coet Instan Halal",Rp25.000,Brother Meat Shop,Depok,100+ terjual,4.9
Kerupuk Seblak Rafael Mawar Kecil Mentah 500 Gr / Seblak Viral YONGKI,Rp12.000,insanprimastore,Tangerang Selatan,17 terjual,5.0
Kerupuk SEBLAK MAWAR Rafael - Cikruh Daun Jeruk,Rp20.000,KRIUK JAYA,Jakarta Barat,30+ terjual,4.9
Seblak RAFAEL | Seblak MAMANG RAFAEL | Seblak Viral ORIGINAL TATANGGA,Rp40.000,Beauty DELUXE,Jakarta Barat,16 terjual,5.0
SEBLAK INSTANT TERMURAH,Rp3.999,Pusat Cuankie & Cemilan Frozen,Jakarta Timur,10rb+ terjual,4.8
"Seblak Rafael, Seblak Coet Instan Halal",Rp25.000,Brother Meat Shop,Depok,100+ terjual,4.9
Seblak Instan Pedas Home Made,Rp3.500,the Dhecip,Tangerang Selatan,2rb+ terjual,4.8
seblak instant sajodo snak,Rp19.000,hikmah berkah jaya,Jakarta Barat,750+ terjual,4.8
Seblak instan yoi enak dan kenyang,Rp7.500,SeblakYoi,Bekasi,250+ terjual,5.0
Seblak Instan Pedas Home Made,Rp3.500,the Dhecip,Tangerang Selatan,2rb+ terjual,4.8
Gelifood Seblak Instan Kerupuk Mawar Bumbu Kencur Rafael Pedas Gurih,Rp13.000,Lidigeli,Kab. Garut,250+ terjual,4.8
"keripik beling/kaca 1/2 kg. bumbu seblak daun jeruk enak, gurih, pedas",Rp25.999,aghniya,Tangerang Selatan,250+ terjual,4.9
Seblak pedas kerupuk pedas kiloan 1 kg,Rp35.000,RIKI STORE 97,Kab. Bogor,100+ terjual,4.8
Seblak Instan Komplit Pedas Gurih Nikmat,Rp5.999,Baso Aci Ayang,Kab. Garut,2rb+ terjual,4.9
